product_id,day,actual_demand,inventory_end_of_day,inventory_position,reorder_trigger,stockout,shortage_units
P01,0,99.0,332.8712328767123,332.8712328767123,372.7663353530326,0,0.0
P01,1,88.0,244.87123287671233,857.50217126186,372.7663353530326,0,0.0
P01,2,59.0,185.87123287671233,798.50217126186,372.7663353530326,0,0.0
P01,3,91.0,94.87123287671233,707.50217126186,372.7663353530326,0,0.0
P01,4,90.0,4.871232876712327,617.50217126186,372.7663353530326,0,0.0
P01,5,85.0,532.50217126186,532.50217126186,372.7663353530326,0,0.0
P01,6,69.0,463.50217126186,463.50217126186,372.7663353530326,0,0.0
P01,7,111.0,352.50217126186,352.50217126186,372.7663353530326,0,0.0
P01,8,100.0,252.50217126185998,865.1331096470077,372.7663353530326,0,0.0
P01,9,74.0,178.50217126185998,791.1331096470077,372.7663353530326,0,0.0
P01,10,82.0,96.50217126185998,709.1331096470077,372.7663353530326,0,0.0
P01,11,77.0,19.502171261859985,632.1331096470077,372.7663353530326,0,0.0
P01,12,80.0,552.1331096470077,552.1331096470077,372.7663353530326,0,0.0
P01,13,87.0,465.1331096470077,465.1331096470077,372.7663353530326,0,0.0
P01,14,102.0,363.1331096470077,363.1331096470077,372.7663353530326,0,0.0
P01,15,66.0,297.1331096470077,909.7640480321554,372.7663353530326,0,0.0
P01,16,69.0,228.1331096470077,840.7640480321554,372.7663353530326,0,0.0
P01,17,63.0,165.1331096470077,777.7640480321554,372.7663353530326,0,0.0
P01,18,56.0,109.1331096470077,721.7640480321554,372.7663353530326,0,0.0
P01,19,90.0,631.7640480321554,631.7640480321554,372.7663353530326,0,0.0
P01,20,99.0,532.7640480321554,532.7640480321554,372.7663353530326,0,0.0
P01,21,117.0,415.7640480321554,415.7640480321554,372.7663353530326,0,0.0
P01,22,93.0,322.7640480321554,322.7640480321554,372.7663353530326,0,0.0
P01,23,82.0,240.76404803215542,853.3949864173031,372.7663353530326,0,0.0
P01,24,68.0,172.76404803215542,785.3949864173031,372.7663353530326,0,0.0
P01,25,71.0,101.76404803215542,714.3949864173031,372.7663353530326,0,0.0
P01,26,60.0,41.764048032155415,654.3949864173031,372.7663353530326,0,0.0
P01,27,83.0,571.3949864173031,571.3949864173031,372.7663353530326,0,0.0
P01,28,97.0,474.39498641730313,474.39498641730313,372.7663353530326,0,0.0
P01,29,72.0,402.39498641730313,402.39498641730313,372.7663353530326,0,0.0
P01,30,60.0,342.39498641730313,342.39498641730313,372.7663353530326,0,0.0
P01,31,101.0,241.39498641730313,854.0259248024508,372.7663353530326,0,0.0
P01,32,95.0,146.39498641730313,759.0259248024508,372.7663353530326,0,0.0
P01,33,107.0,39.39498641730313,652.0259248024508,372.7663353530326,0,0.0
P01,34,89.0,0.0,612.6309383851477,372.7663353530326,1,49.60501358269687
P01,35,84.0,528.6309383851477,528.6309383851477,372.7663353530326,0,0.0
P01,36,71.0,457.6309383851477,457.6309383851477,372.7663353530326,0,0.0
P01,37,49.0,408.6309383851477,408.6309383851477,372.7663353530326,0,0.0
P01,38,65.0,343.6309383851477,343.6309383851477,372.7663353530326,0,0.0
P01,39,65.0,278.6309383851477,891.2618767702954,372.7663353530326,0,0.0
P01,40,47.0,231.63093838514772,844.2618767702954,372.7663353530326,0,0.0
P01,41,69.0,162.63093838514772,775.2618767702954,372.7663353530326,0,0.0
P01,42,99.0,63.630938385147715,676.2618767702954,372.7663353530326,0,0.0
P01,43,92.0,584.2618767702954,584.2618767702954,372.7663353530326,0,0.0
P01,44,70.0,514.2618767702954,514.2618767702954,372.7663353530326,0,0.0
P01,45,61.0,453.26187677029543,453.26187677029543,372.7663353530326,0,0.0
P01,46,54.0,399.26187677029543,399.26187677029543,372.7663353530326,0,0.0
P01,47,53.0,346.26187677029543,346.26187677029543,372.7663353530326,0,0.0
P01,48,74.0,272.26187677029543,884.8928151554431,372.7663353530326,0,0.0
P01,49,91.0,181.26187677029543,793.8928151554431,372.7663353530326,0,0.0
P01,50,148.0,33.26187677029543,645.8928151554431,372.7663353530326,0,0.0
P01,51,79.0,0.0,612.6309383851477,372.7663353530326,1,45.73812322970457
P01,52,58.0,554.6309383851477,554.6309383851477,372.7663353530326,0,0.0
P01,53,64.0,490.6309383851477,490.6309383851477,372.7663353530326,0,0.0
P01,54,62.0,428.6309383851477,428.6309383851477,372.7663353530326,0,0.0
P01,55,49.0,379.6309383851477,379.6309383851477,372.7663353530326,0,0.0
P01,56,69.0,310.6309383851477,310.6309383851477,372.7663353530326,0,0.0
P01,57,57.0,253.63093838514772,866.2618767702954,372.7663353530326,0,0.0
P01,58,42.0,211.63093838514772,824.2618767702954,372.7663353530326,0,0.0
P01,59,49.0,162.63093838514772,775.2618767702954,372.7663353530326,0,0.0
P02,0,56.0,261.44520547945206,261.44520547945206,289.7231685496641,0,0.0
P02,1,55.0,206.44520547945206,731.6832467521687,289.7231685496641,0,0.0
P02,2,46.0,160.44520547945206,685.6832467521687,289.7231685496641,0,0.0
P02,3,39.0,121.44520547945206,646.6832467521687,289.7231685496641,0,0.0
P02,4,58.0,63.445205479452056,588.6832467521687,289.7231685496641,0,0.0
P02,5,68.0,520.6832467521687,520.6832467521687,289.7231685496641,0,0.0
P02,6,38.0,482.68324675216866,482.68324675216866,289.7231685496641,0,0.0
P02,7,78.0,404.68324675216866,404.68324675216866,289.7231685496641,0,0.0
P02,8,68.0,336.68324675216866,336.68324675216866,289.7231685496641,0,0.0
P02,9,59.0,277.68324675216866,277.68324675216866,289.7231685496641,0,0.0
P02,10,54.0,223.68324675216866,748.9212880248853,289.7231685496641,0,0.0
P02,11,35.0,188.68324675216866,713.9212880248853,289.7231685496641,0,0.0
P02,12,39.0,149.68324675216866,674.9212880248853,289.7231685496641,0,0.0
P02,13,63.0,86.68324675216866,611.9212880248853,289.7231685496641,0,0.0
P02,14,97.0,514.9212880248853,514.9212880248853,289.7231685496641,0,0.0
P02,15,32.0,482.92128802488526,482.92128802488526,289.7231685496641,0,0.0
P02,16,59.0,423.92128802488526,423.92128802488526,289.7231685496641,0,0.0
P02,17,72.0,351.92128802488526,351.92128802488526,289.7231685496641,0,0.0
P02,18,74.0,277.92128802488526,277.92128802488526,289.7231685496641,0,0.0
P02,19,49.0,228.92128802488526,754.1593292976019,289.7231685496641,0,0.0
P02,20,112.0,116.92128802488526,642.1593292976019,289.7231685496641,0,0.0
P02,21,58.0,58.92128802488526,584.1593292976019,289.7231685496641,0,0.0
P02,22,63.0,0.0,525.2380412727166,289.7231685496641,1,4.078711975114743
P02,23,35.0,490.2380412727166,490.2380412727166,289.7231685496641,0,0.0
P02,24,35.0,455.2380412727166,455.2380412727166,289.7231685496641,0,0.0
P02,25,53.0,402.2380412727166,402.2380412727166,289.7231685496641,0,0.0
P02,26,46.0,356.2380412727166,356.2380412727166,289.7231685496641,0,0.0
P02,27,68.0,288.2380412727166,288.2380412727166,289.7231685496641,0,0.0
P02,28,85.0,203.2380412727166,728.4760825454332,289.7231685496641,0,0.0
P02,29,76.0,127.2380412727166,652.4760825454332,289.7231685496641,0,0.0
P02,30,51.0,76.2380412727166,601.4760825454332,289.7231685496641,0,0.0
P02,31,67.0,9.2380412727166,534.4760825454332,289.7231685496641,0,0.0
P02,32,36.0,498.4760825454332,498.4760825454332,289.7231685496641,0,0.0
P02,33,50.0,448.4760825454332,448.4760825454332,289.7231685496641,0,0.0
P02,34,71.0,377.4760825454332,377.4760825454332,289.7231685496641,0,0.0
P02,35,90.0,287.4760825454332,287.4760825454332,289.7231685496641,0,0.0
P02,36,41.0,246.4760825454332,771.7141238181498,289.7231685496641,0,0.0
P02,37,44.0,202.4760825454332,727.7141238181498,289.7231685496641,0,0.0
P02,38,64.0,138.4760825454332,663.7141238181498,289.7231685496641,0,0.0
P02,39,55.0,83.4760825454332,608.7141238181498,289.7231685496641,0,0.0
P02,40,78.0,530.7141238181498,530.7141238181498,289.7231685496641,0,0.0
P02,41,97.0,433.7141238181498,433.7141238181498,289.7231685496641,0,0.0
P02,42,95.0,338.7141238181498,338.7141238181498,289.7231685496641,0,0.0
P02,43,71.0,267.7141238181498,267.7141238181498,289.7231685496641,0,0.0
P02,44,55.0,212.7141238181498,737.9521650908664,289.7231685496641,0,0.0
P02,45,83.0,129.7141238181498,654.9521650908664,289.7231685496641,0,0.0
P02,46,27.0,102.7141238181498,627.9521650908664,289.7231685496641,0,0.0
P02,47,55.0,47.7141238181498,572.9521650908664,289.7231685496641,0,0.0
P02,48,45.0,527.9521650908664,527.9521650908664,289.7231685496641,0,0.0
P02,49,78.0,449.9521650908664,449.9521650908664,289.7231685496641,0,0.0
P02,50,64.0,385.9521650908664,385.9521650908664,289.7231685496641,0,0.0
P02,51,57.0,328.9521650908664,328.9521650908664,289.7231685496641,0,0.0
P02,52,63.0,265.9521650908664,265.9521650908664,289.7231685496641,0,0.0
P02,53,52.0,213.9521650908664,739.190206363583,289.7231685496641,0,0.0
P02,54,65.0,148.9521650908664,674.190206363583,289.7231685496641,0,0.0
P02,55,18.0,130.9521650908664,656.190206363583,289.7231685496641,0,0.0
P02,56,74.0,56.9521650908664,582.190206363583,289.7231685496641,0,0.0
P02,57,54.0,528.190206363583,528.190206363583,289.7231685496641,0,0.0
P02,58,47.0,481.190206363583,481.190206363583,289.7231685496641,0,0.0
P02,59,26.0,455.190206363583,455.190206363583,289.7231685496641,0,0.0
P03,0,194.0,621.4616438356164,621.4616438356164,689.9855857070494,0,0.0
P03,1,141.0,480.4616438356164,1322.2900111409717,689.9855857070494,0,0.0
P03,2,193.0,287.4616438356164,1129.2900111409717,689.9855857070494,0,0.0
P03,3,178.0,109.46164383561643,951.2900111409716,689.9855857070494,0,0.0
P03,4,137.0,0.0,841.8283673053552,689.9855857070494,1,27.538356164383572
P03,5,147.0,694.8283673053552,694.8283673053552,689.9855857070494,0,0.0
P03,6,145.0,549.8283673053552,549.8283673053552,689.9855857070494,0,0.0
P03,7,143.0,406.8283673053552,1248.6567346107104,689.9855857070494,0,0.0
P03,8,177.0,229.8283673053552,1071.6567346107104,689.9855857070494,0,0.0
P03,9,104.0,125.82836730535519,967.6567346107104,689.9855857070494,0,0.0
P03,10,129.0,0.0,841.8283673053552,689.9855857070494,1,3.1716326946448135
P03,11,116.0,725.8283673053552,725.8283673053552,689.9855857070494,0,0.0
P03,12,116.0,609.8283673053552,609.8283673053552,689.9855857070494,0,0.0
P03,13,138.0,471.8283673053552,1313.6567346107104,689.9855857070494,0,0.0
P03,14,174.0,297.8283673053552,1139.6567346107104,689.9855857070494,0,0.0
P03,15,153.0,144.8283673053552,986.6567346107104,689.9855857070494,0,0.0
P03,16,131.0,13.828367305355187,855.6567346107104,689.9855857070494,0,0.0
P03,17,118.0,737.6567346107104,737.6567346107104,689.9855857070494,0,0.0
P03,18,139.0,598.6567346107104,598.6567346107104,689.9855857070494,0,0.0
P03,19,134.0,464.6567346107104,1306.4851019160656,689.9855857070494,0,0.0
P03,20,133.0,331.6567346107104,1173.4851019160656,689.9855857070494,0,0.0
P03,21,160.0,171.65673461071037,1013.4851019160656,689.9855857070494,0,0.0
P03,22,136.0,35.65673461071037,877.4851019160656,689.9855857070494,0,0.0
P03,23,127.0,750.4851019160656,750.4851019160656,689.9855857070494,0,0.0
P03,24,119.0,631.4851019160656,631.4851019160656,689.9855857070494,0,0.0
P03,25,96.0,535.4851019160656,1377.3134692214207,689.9855857070494,0,0.0
P03,26,123.0,412.48510191606556,1254.3134692214207,689.9855857070494,0,0.0
P03,27,130.0,282.48510191606556,1124.3134692214207,689.9855857070494,0,0.0
P03,28,202.0,80.48510191606556,922.3134692214207,689.9855857070494,0,0.0
P03,29,134.0,788.3134692214207,788.3134692214207,689.9855857070494,0,0.0
P03,30,94.0,694.3134692214207,694.3134692214207,689.9855857070494,0,0.0
P03,31,122.0,572.3134692214207,572.3134692214207,689.9855857070494,0,0.0
P03,32,160.0,412.31346922142075,1254.141836526776,689.9855857070494,0,0.0
P03,33,176.0,236.31346922142075,1078.141836526776,689.9855857070494,0,0.0
P03,34,98.0,138.31346922142075,980.1418365267759,689.9855857070494,0,0.0
P03,35,127.0,11.313469221420746,853.1418365267759,689.9855857070494,0,0.0
P03,36,140.0,713.1418365267759,713.1418365267759,689.9855857070494,0,0.0
P03,37,127.0,586.1418365267759,586.1418365267759,689.9855857070494,0,0.0
P03,38,105.0,481.14183652677593,1322.9702038321311,689.9855857070494,0,0.0
P03,39,113.0,368.14183652677593,1209.9702038321311,689.9855857070494,0,0.0
P03,40,128.0,240.14183652677593,1081.9702038321311,689.9855857070494,0,0.0
P03,41,154.0,86.14183652677593,927.9702038321311,689.9855857070494,0,0.0
P03,42,147.0,780.9702038321311,780.9702038321311,689.9855857070494,0,0.0
P03,43,144.0,636.9702038321311,636.9702038321311,689.9855857070494,0,0.0
P03,44,129.0,507.9702038321311,1349.7985711374863,689.9855857070494,0,0.0
P03,45,141.0,366.9702038321311,1208.7985711374863,689.9855857070494,0,0.0
P03,46,159.0,207.97020383213112,1049.7985711374863,689.9855857070494,0,0.0
P03,47,168.0,39.97020383213112,881.7985711374863,689.9855857070494,0,0.0
P03,48,130.0,751.7985711374863,751.7985711374863,689.9855857070494,0,0.0
P03,49,171.0,580.7985711374863,580.7985711374863,689.9855857070494,0,0.0
P03,50,142.0,438.7985711374863,1280.6269384428415,689.9855857070494,0,0.0
P03,51,110.0,328.7985711374863,1170.6269384428415,689.9855857070494,0,0.0
P03,52,116.0,212.7985711374863,1054.6269384428415,689.9855857070494,0,0.0
P03,53,101.0,111.7985711374863,953.6269384428415,689.9855857070494,0,0.0
P03,54,124.0,829.6269384428415,829.6269384428415,689.9855857070494,0,0.0
P03,55,106.0,723.6269384428415,723.6269384428415,689.9855857070494,0,0.0
P03,56,151.0,572.6269384428415,572.6269384428415,689.9855857070494,0,0.0
P03,57,107.0,465.6269384428415,1307.4553057481967,689.9855857070494,0,0.0
P03,58,81.0,384.6269384428415,1226.4553057481967,689.9855857070494,0,0.0
P03,59,91.0,293.6269384428415,1135.4553057481967,689.9855857070494,0,0.0
P04,0,41.0,150.43561643835616,150.43561643835616,168.99757931033344,0,0.0
P04,1,57.0,93.43561643835616,501.31631795127,168.99757931033344,0,0.0
P04,2,60.0,33.43561643835616,441.31631795127,168.99757931033344,0,0.0
P04,3,55.0,0.0,407.8807015129138,168.99757931033344,1,21.564383561643837
P04,4,38.0,0.0,407.8807015129138,168.99757931033344,1,38.0
P04,5,34.0,373.8807015129138,373.8807015129138,168.99757931033344,0,0.0
P04,6,37.0,336.8807015129138,336.8807015129138,168.99757931033344,0,0.0
P04,7,51.0,285.8807015129138,285.8807015129138,168.99757931033344,0,0.0
P04,8,35.0,250.8807015129138,250.8807015129138,168.99757931033344,0,0.0
P04,9,30.0,220.8807015129138,220.8807015129138,168.99757931033344,0,0.0
P04,10,29.0,191.8807015129138,191.8807015129138,168.99757931033344,0,0.0
P04,11,34.0,157.8807015129138,157.8807015129138,168.99757931033344,0,0.0
P04,12,25.0,132.8807015129138,540.7614030258276,168.99757931033344,0,0.0
P04,13,41.0,91.88070151291379,499.7614030258276,168.99757931033344,0,0.0
P04,14,46.0,45.88070151291379,453.7614030258276,168.99757931033344,0,0.0
P04,15,28.0,17.880701512913788,425.7614030258276,168.99757931033344,0,0.0
P04,16,36.0,389.7614030258276,389.7614030258276,168.99757931033344,0,0.0
P04,17,42.0,347.7614030258276,347.7614030258276,168.99757931033344,0,0.0
P04,18,36.0,311.7614030258276,311.7614030258276,168.99757931033344,0,0.0
P04,19,40.0,271.7614030258276,271.7614030258276,168.99757931033344,0,0.0
P04,20,34.0,237.76140302582758,237.76140302582758,168.99757931033344,0,0.0
P04,21,28.0,209.76140302582758,209.76140302582758,168.99757931033344,0,0.0
P04,22,24.0,185.76140302582758,185.76140302582758,168.99757931033344,0,0.0
P04,23,31.0,154.76140302582758,154.76140302582758,168.99757931033344,0,0.0
P04,24,26.0,128.76140302582758,536.6421045387414,168.99757931033344,0,0.0
P04,25,24.0,104.76140302582758,512.6421045387414,168.99757931033344,0,0.0
P04,26,30.0,74.76140302582758,482.64210453874136,168.99757931033344,0,0.0
P04,27,38.0,36.761403025827576,444.64210453874136,168.99757931033344,0,0.0
P04,28,29.0,415.64210453874136,415.64210453874136,168.99757931033344,0,0.0
P04,29,35.0,380.64210453874136,380.64210453874136,168.99757931033344,0,0.0
P04,30,34.0,346.64210453874136,346.64210453874136,168.99757931033344,0,0.0
P04,31,20.0,326.64210453874136,326.64210453874136,168.99757931033344,0,0.0
P04,32,31.0,295.64210453874136,295.64210453874136,168.99757931033344,0,0.0
P04,33,25.0,270.64210453874136,270.64210453874136,168.99757931033344,0,0.0
P04,34,33.0,237.64210453874136,237.64210453874136,168.99757931033344,0,0.0
P04,35,45.0,192.64210453874136,192.64210453874136,168.99757931033344,0,0.0
P04,36,39.0,153.64210453874136,153.64210453874136,168.99757931033344,0,0.0
P04,37,31.0,122.64210453874136,530.5228060516552,168.99757931033344,0,0.0
P04,38,20.0,102.64210453874136,510.52280605165515,168.99757931033344,0,0.0
P04,39,32.0,70.64210453874136,478.52280605165515,168.99757931033344,0,0.0
P04,40,23.0,47.642104538741364,455.52280605165515,168.99757931033344,0,0.0
P04,41,32.0,423.52280605165515,423.52280605165515,168.99757931033344,0,0.0
P04,42,39.0,384.52280605165515,384.52280605165515,168.99757931033344,0,0.0
P04,43,37.0,347.52280605165515,347.52280605165515,168.99757931033344,0,0.0
P04,44,28.0,319.52280605165515,319.52280605165515,168.99757931033344,0,0.0
P04,45,22.0,297.52280605165515,297.52280605165515,168.99757931033344,0,0.0
P04,46,19.0,278.52280605165515,278.52280605165515,168.99757931033344,0,0.0
P04,47,32.0,246.52280605165515,246.52280605165515,168.99757931033344,0,0.0
P04,48,31.0,215.52280605165515,215.52280605165515,168.99757931033344,0,0.0
P04,49,45.0,170.52280605165515,170.52280605165515,168.99757931033344,0,0.0
P04,50,34.0,136.52280605165515,136.52280605165515,168.99757931033344,0,0.0
P04,51,19.0,117.52280605165515,525.4035075645689,168.99757931033344,0,0.0
P04,52,31.0,86.52280605165515,494.40350756456894,168.99757931033344,0,0.0
P04,53,25.0,61.52280605165515,469.40350756456894,168.99757931033344,0,0.0
P04,54,29.0,32.52280605165515,440.40350756456894,168.99757931033344,0,0.0
P04,55,20.0,420.40350756456894,420.40350756456894,168.99757931033344,0,0.0
P04,56,38.0,382.40350756456894,382.40350756456894,168.99757931033344,0,0.0
P04,57,22.0,360.40350756456894,360.40350756456894,168.99757931033344,0,0.0
P04,58,19.0,341.40350756456894,341.40350756456894,168.99757931033344,0,0.0
P04,59,20.0,321.40350756456894,321.40350756456894,168.99757931033344,0,0.0
P05,0,72.0,103.8246575342466,103.8246575342466,166.5980886973594,0,0.0
P05,1,44.0,59.8246575342466,450.72106324808783,166.5980886973594,0,0.0
P05,2,30.0,29.824657534246597,420.72106324808783,166.5980886973594,0,0.0
P05,3,48.0,0.0,390.89640571384126,166.5980886973594,1,18.175342465753403
P05,4,43.0,0.0,390.89640571384126,166.5980886973594,1,43.0
P05,5,30.0,360.89640571384126,360.89640571384126,166.5980886973594,0,0.0
P05,6,37.0,323.89640571384126,323.89640571384126,166.5980886973594,0,0.0
P05,7,48.0,275.89640571384126,275.89640571384126,166.5980886973594,0,0.0
P05,8,47.0,228.89640571384126,228.89640571384126,166.5980886973594,0,0.0
P05,9,17.0,211.89640571384126,211.89640571384126,166.5980886973594,0,0.0
P05,10,14.0,197.89640571384126,197.89640571384126,166.5980886973594,0,0.0
P05,11,22.0,175.89640571384126,175.89640571384126,166.5980886973594,0,0.0
P05,12,22.0,153.89640571384126,153.89640571384126,166.5980886973594,0,0.0
P05,13,28.0,125.89640571384126,516.7928114276825,166.5980886973594,0,0.0
P05,14,54.0,71.89640571384126,462.7928114276825,166.5980886973594,0,0.0
P05,15,39.0,32.89640571384126,423.7928114276825,166.5980886973594,0,0.0
P05,16,33.0,0.0,390.89640571384126,166.5980886973594,1,0.10359428615873867
P05,17,18.0,372.89640571384126,372.89640571384126,166.5980886973594,0,0.0
P05,18,27.0,345.89640571384126,345.89640571384126,166.5980886973594,0,0.0
P05,19,40.0,305.89640571384126,305.89640571384126,166.5980886973594,0,0.0
P05,20,44.0,261.89640571384126,261.89640571384126,166.5980886973594,0,0.0
P05,21,33.0,228.89640571384126,228.89640571384126,166.5980886973594,0,0.0
P05,22,43.0,185.89640571384126,185.89640571384126,166.5980886973594,0,0.0
P05,23,55.0,130.89640571384126,130.89640571384126,166.5980886973594,0,0.0
P05,24,31.0,99.89640571384126,490.7928114276825,166.5980886973594,0,0.0
P05,25,24.0,75.89640571384126,466.7928114276825,166.5980886973594,0,0.0
P05,26,31.0,44.89640571384126,435.7928114276825,166.5980886973594,0,0.0
P05,27,37.0,7.896405713841261,398.7928114276825,166.5980886973594,0,0.0
P05,28,42.0,356.7928114276825,356.7928114276825,166.5980886973594,0,0.0
P05,29,41.0,315.7928114276825,315.7928114276825,166.5980886973594,0,0.0
P05,30,14.0,301.7928114276825,301.7928114276825,166.5980886973594,0,0.0
P05,31,19.0,282.7928114276825,282.7928114276825,166.5980886973594,0,0.0
P05,32,27.0,255.79281142768252,255.79281142768252,166.5980886973594,0,0.0
P05,33,28.0,227.79281142768252,227.79281142768252,166.5980886973594,0,0.0
P05,34,26.0,201.79281142768252,201.79281142768252,166.5980886973594,0,0.0
P05,35,37.0,164.79281142768252,164.79281142768252,166.5980886973594,0,0.0
P05,36,37.0,127.79281142768252,518.6892171415238,166.5980886973594,0,0.0
P05,37,37.0,90.79281142768252,481.6892171415238,166.5980886973594,0,0.0
P05,38,27.0,63.79281142768252,454.6892171415238,166.5980886973594,0,0.0
P05,39,32.0,31.792811427682523,422.6892171415238,166.5980886973594,0,0.0
P05,40,24.0,398.6892171415238,398.6892171415238,166.5980886973594,0,0.0
P05,41,39.0,359.6892171415238,359.6892171415238,166.5980886973594,0,0.0
P05,42,45.0,314.6892171415238,314.6892171415238,166.5980886973594,0,0.0
P05,43,48.0,266.6892171415238,266.6892171415238,166.5980886973594,0,0.0
P05,44,35.0,231.68921714152378,231.68921714152378,166.5980886973594,0,0.0
P05,45,34.0,197.68921714152378,197.68921714152378,166.5980886973594,0,0.0
P05,46,28.0,169.68921714152378,169.68921714152378,166.5980886973594,0,0.0
P05,47,32.0,137.68921714152378,137.68921714152378,166.5980886973594,0,0.0
P05,48,45.0,92.68921714152378,483.58562285536505,166.5980886973594,0,0.0
P05,49,31.0,61.689217141523784,452.58562285536505,166.5980886973594,0,0.0
P05,50,29.0,32.689217141523784,423.58562285536505,166.5980886973594,0,0.0
P05,51,30.0,2.689217141523784,393.58562285536505,166.5980886973594,0,0.0
P05,52,32.0,361.58562285536505,361.58562285536505,166.5980886973594,0,0.0
P05,53,20.0,341.58562285536505,341.58562285536505,166.5980886973594,0,0.0
P05,54,29.0,312.58562285536505,312.58562285536505,166.5980886973594,0,0.0
P05,55,24.0,288.58562285536505,288.58562285536505,166.5980886973594,0,0.0
P05,56,7.0,281.58562285536505,281.58562285536505,166.5980886973594,0,0.0
P05,57,26.0,255.58562285536505,255.58562285536505,166.5980886973594,0,0.0
P05,58,21.0,234.58562285536505,234.58562285536505,166.5980886973594,0,0.0
P05,59,21.0,213.58562285536505,213.58562285536505,166.5980886973594,0,0.0
P06,0,79.0,264.56575342465754,264.56575342465754,301.88415689101015,0,0.0
P06,1,76.0,188.56575342465754,734.9859214272672,301.88415689101015,0,0.0
P06,2,32.0,156.56575342465754,702.9859214272672,301.88415689101015,0,0.0
P06,3,75.0,81.56575342465754,627.9859214272672,301.88415689101015,0,0.0
P06,4,56.0,25.565753424657544,571.9859214272672,301.88415689101015,0,0.0
P06,5,65.0,506.98592142726716,506.98592142726716,301.88415689101015,0,0.0
P06,6,49.0,457.98592142726716,457.98592142726716,301.88415689101015,0,0.0
P06,7,92.0,365.98592142726716,365.98592142726716,301.88415689101015,0,0.0
P06,8,111.0,254.98592142726716,254.98592142726716,301.88415689101015,0,0.0
P06,9,80.0,174.98592142726716,721.4060894298767,301.88415689101015,0,0.0
P06,10,86.0,88.98592142726716,635.4060894298767,301.88415689101015,0,0.0
P06,11,70.0,18.985921427267158,565.4060894298767,301.88415689101015,0,0.0
P06,12,38.0,0.0,546.4201680026096,301.88415689101015,1,19.014078572732842
P06,13,66.0,480.42016800260956,480.42016800260956,301.88415689101015,0,0.0
P06,14,114.0,366.42016800260956,366.42016800260956,301.88415689101015,0,0.0
P06,15,88.0,278.42016800260956,278.42016800260956,301.88415689101015,0,0.0
P06,16,63.0,215.42016800260956,761.8403360052191,301.88415689101015,0,0.0
P06,17,67.0,148.42016800260956,694.8403360052191,301.88415689101015,0,0.0
P06,18,60.0,88.42016800260956,634.8403360052191,301.88415689101015,0,0.0
P06,19,60.0,28.420168002609557,574.8403360052191,301.88415689101015,0,0.0
P06,20,52.0,522.8403360052191,522.8403360052191,301.88415689101015,0,0.0
P06,21,57.0,465.8403360052191,465.8403360052191,301.88415689101015,0,0.0
P06,22,57.0,408.8403360052191,408.8403360052191,301.88415689101015,0,0.0
P06,23,54.0,354.8403360052191,354.8403360052191,301.88415689101015,0,0.0
P06,24,63.0,291.8403360052191,291.8403360052191,301.88415689101015,0,0.0
P06,25,65.0,226.84033600521911,773.2605040078287,301.88415689101015,0,0.0
P06,26,64.0,162.84033600521911,709.2605040078287,301.88415689101015,0,0.0
P06,27,55.0,107.84033600521911,654.2605040078287,301.88415689101015,0,0.0
P06,28,78.0,29.840336005219115,576.2605040078287,301.88415689101015,0,0.0
P06,29,68.0,508.2605040078287,508.2605040078287,301.88415689101015,0,0.0
P06,30,47.0,461.2605040078287,461.2605040078287,301.88415689101015,0,0.0
P06,31,67.0,394.2605040078287,394.2605040078287,301.88415689101015,0,0.0
P06,32,34.0,360.2605040078287,360.2605040078287,301.88415689101015,0,0.0
P06,33,49.0,311.2605040078287,311.2605040078287,301.88415689101015,0,0.0
P06,34,69.0,242.26050400782867,242.26050400782867,301.88415689101015,0,0.0
P06,35,51.0,191.26050400782867,737.6806720104382,301.88415689101015,0,0.0
P06,36,57.0,134.26050400782867,680.6806720104382,301.88415689101015,0,0.0
P06,37,44.0,90.26050400782867,636.6806720104382,301.88415689101015,0,0.0
P06,38,47.0,43.26050400782867,589.6806720104382,301.88415689101015,0,0.0
P06,39,36.0,553.6806720104382,553.6806720104382,301.88415689101015,0,0.0
P06,40,57.0,496.68067201043823,496.68067201043823,301.88415689101015,0,0.0
P06,41,84.0,412.68067201043823,412.68067201043823,301.88415689101015,0,0.0
P06,42,101.0,311.68067201043823,311.68067201043823,301.88415689101015,0,0.0
P06,43,83.0,228.68067201043823,228.68067201043823,301.88415689101015,0,0.0
P06,44,67.0,161.68067201043823,708.1008400130478,301.88415689101015,0,0.0
P06,45,83.0,78.68067201043823,625.1008400130478,301.88415689101015,0,0.0
P06,46,38.0,40.68067201043823,587.1008400130478,301.88415689101015,0,0.0
P06,47,40.0,0.6806720104382293,547.1008400130478,301.88415689101015,0,0.0
P06,48,46.0,501.1008400130478,501.1008400130478,301.88415689101015,0,0.0
P06,49,64.0,437.1008400130478,437.1008400130478,301.88415689101015,0,0.0
P06,50,75.0,362.1008400130478,362.1008400130478,301.88415689101015,0,0.0
P06,51,54.0,308.1008400130478,308.1008400130478,301.88415689101015,0,0.0
P06,52,54.0,254.1008400130478,254.1008400130478,301.88415689101015,0,0.0
P06,53,40.0,214.1008400130478,760.5210080156573,301.88415689101015,0,0.0
P06,54,47.0,167.1008400130478,713.5210080156573,301.88415689101015,0,0.0
P06,55,46.0,121.10084001304779,667.5210080156573,301.88415689101015,0,0.0
P06,56,48.0,73.10084001304779,619.5210080156573,301.88415689101015,0,0.0
P06,57,47.0,572.5210080156573,572.5210080156573,301.88415689101015,0,0.0
P06,58,41.0,531.5210080156573,531.5210080156573,301.88415689101015,0,0.0
P06,59,35.0,496.52100801565734,496.52100801565734,301.88415689101015,0,0.0
P07,0,10.0,100.36986301369862,100.36986301369862,97.34066215131253,0,0.0
P07,1,27.0,73.36986301369862,73.36986301369862,97.34066215131253,0,0.0
P07,2,17.0,56.36986301369862,366.07402292548716,97.34066215131253,0,0.0
P07,3,8.0,48.36986301369862,358.07402292548716,97.34066215131253,0,0.0
P07,4,19.0,29.36986301369862,339.07402292548716,97.34066215131253,0,0.0
P07,5,23.0,6.36986301369862,316.07402292548716,97.34066215131253,0,0.0
P07,6,21.0,295.07402292548716,295.07402292548716,97.34066215131253,0,0.0
P07,7,27.0,268.07402292548716,268.07402292548716,97.34066215131253,0,0.0
P07,8,20.0,248.07402292548716,248.07402292548716,97.34066215131253,0,0.0
P07,9,10.0,238.07402292548716,238.07402292548716,97.34066215131253,0,0.0
P07,10,20.0,218.07402292548716,218.07402292548716,97.34066215131253,0,0.0
P07,11,24.0,194.07402292548716,194.07402292548716,97.34066215131253,0,0.0
P07,12,22.0,172.07402292548716,172.07402292548716,97.34066215131253,0,0.0
P07,13,11.0,161.07402292548716,161.07402292548716,97.34066215131253,0,0.0
P07,14,16.0,145.07402292548716,145.07402292548716,97.34066215131253,0,0.0
P07,15,18.0,127.07402292548716,127.07402292548716,97.34066215131253,0,0.0
P07,16,11.0,116.07402292548716,116.07402292548716,97.34066215131253,0,0.0
P07,17,17.0,99.07402292548716,99.07402292548716,97.34066215131253,0,0.0
P07,18,19.0,80.07402292548716,80.07402292548716,97.34066215131253,0,0.0
P07,19,12.0,68.07402292548716,377.77818283727566,97.34066215131253,0,0.0
P07,20,23.0,45.07402292548716,354.77818283727566,97.34066215131253,0,0.0
P07,21,27.0,18.074022925487156,327.77818283727566,97.34066215131253,0,0.0
P07,22,19.0,0.0,309.7041599117885,97.34066215131253,1,0.9259770745128435
P07,23,16.0,293.7041599117885,293.7041599117885,97.34066215131253,0,0.0
P07,24,10.0,283.7041599117885,283.7041599117885,97.34066215131253,0,0.0
P07,25,16.0,267.7041599117885,267.7041599117885,97.34066215131253,0,0.0
P07,26,28.0,239.7041599117885,239.7041599117885,97.34066215131253,0,0.0
P07,27,34.0,205.7041599117885,205.7041599117885,97.34066215131253,0,0.0
P07,28,37.0,168.7041599117885,168.7041599117885,97.34066215131253,0,0.0
P07,29,27.0,141.7041599117885,141.7041599117885,97.34066215131253,0,0.0
P07,30,15.0,126.70415991178851,126.70415991178851,97.34066215131253,0,0.0
P07,31,16.0,110.70415991178851,110.70415991178851,97.34066215131253,0,0.0
P07,32,15.0,95.70415991178851,95.70415991178851,97.34066215131253,0,0.0
P07,33,13.0,82.70415991178851,392.408319823577,97.34066215131253,0,0.0
P07,34,19.0,63.70415991178851,373.408319823577,97.34066215131253,0,0.0
P07,35,19.0,44.70415991178851,354.408319823577,97.34066215131253,0,0.0
P07,36,21.0,23.70415991178851,333.408319823577,97.34066215131253,0,0.0
P07,37,15.0,318.408319823577,318.408319823577,97.34066215131253,0,0.0
P07,38,14.0,304.408319823577,304.408319823577,97.34066215131253,0,0.0
P07,39,14.0,290.408319823577,290.408319823577,97.34066215131253,0,0.0
P07,40,14.0,276.408319823577,276.408319823577,97.34066215131253,0,0.0
P07,41,11.0,265.408319823577,265.408319823577,97.34066215131253,0,0.0
P07,42,23.0,242.40831982357702,242.40831982357702,97.34066215131253,0,0.0
P07,43,21.0,221.40831982357702,221.40831982357702,97.34066215131253,0,0.0
P07,44,18.0,203.40831982357702,203.40831982357702,97.34066215131253,0,0.0
P07,45,13.0,190.40831982357702,190.40831982357702,97.34066215131253,0,0.0
P07,46,22.0,168.40831982357702,168.40831982357702,97.34066215131253,0,0.0
P07,47,14.0,154.40831982357702,154.40831982357702,97.34066215131253,0,0.0
P07,48,14.0,140.40831982357702,140.40831982357702,97.34066215131253,0,0.0
P07,49,17.0,123.40831982357702,123.40831982357702,97.34066215131253,0,0.0
P07,50,12.0,111.40831982357702,111.40831982357702,97.34066215131253,0,0.0
P07,51,20.0,91.40831982357702,91.40831982357702,97.34066215131253,0,0.0
P07,52,19.0,72.40831982357702,382.1124797353655,97.34066215131253,0,0.0
P07,53,17.0,55.40831982357702,365.1124797353655,97.34066215131253,0,0.0
P07,54,13.0,42.40831982357702,352.1124797353655,97.34066215131253,0,0.0
P07,55,19.0,23.408319823577017,333.1124797353655,97.34066215131253,0,0.0
P07,56,15.0,318.1124797353655,318.1124797353655,97.34066215131253,0,0.0
P07,57,14.0,304.1124797353655,304.1124797353655,97.34066215131253,0,0.0
P07,58,15.0,289.1124797353655,289.1124797353655,97.34066215131253,0,0.0
P07,59,13.0,276.1124797353655,276.1124797353655,97.34066215131253,0,0.0
P08,0,42.0,121.59863013698632,121.59863013698632,140.42134691570672,0,0.0
P08,1,32.0,89.59863013698632,466.6596331590438,140.42134691570672,0,0.0
P08,2,25.0,64.59863013698632,441.6596331590438,140.42134691570672,0,0.0
P08,3,31.0,33.598630136986316,410.6596331590438,140.42134691570672,0,0.0
P08,4,31.0,2.5986301369863156,379.6596331590438,140.42134691570672,0,0.0
P08,5,26.0,353.6596331590438,353.6596331590438,140.42134691570672,0,0.0
P08,6,27.0,326.6596331590438,326.6596331590438,140.42134691570672,0,0.0
P08,7,43.0,283.6596331590438,283.6596331590438,140.42134691570672,0,0.0
P08,8,36.0,247.65963315904378,247.65963315904378,140.42134691570672,0,0.0
P08,9,26.0,221.65963315904378,221.65963315904378,140.42134691570672,0,0.0
P08,10,23.0,198.65963315904378,198.65963315904378,140.42134691570672,0,0.0
P08,11,35.0,163.65963315904378,163.65963315904378,140.42134691570672,0,0.0
P08,12,39.0,124.65963315904378,124.65963315904378,140.42134691570672,0,0.0
P08,13,44.0,80.65963315904378,457.7206361811012,140.42134691570672,0,0.0
P08,14,39.0,41.65963315904378,418.7206361811012,140.42134691570672,0,0.0
P08,15,38.0,3.6596331590437785,380.7206361811012,140.42134691570672,0,0.0
P08,16,28.0,0.0,377.06100302205743,140.42134691570672,1,24.34036684095622
P08,17,23.0,354.06100302205743,354.06100302205743,140.42134691570672,0,0.0
P08,18,28.0,326.06100302205743,326.06100302205743,140.42134691570672,0,0.0
P08,19,26.0,300.06100302205743,300.06100302205743,140.42134691570672,0,0.0
P08,20,23.0,277.06100302205743,277.06100302205743,140.42134691570672,0,0.0
P08,21,38.0,239.06100302205743,239.06100302205743,140.42134691570672,0,0.0
P08,22,33.0,206.06100302205743,206.06100302205743,140.42134691570672,0,0.0
P08,23,34.0,172.06100302205743,172.06100302205743,140.42134691570672,0,0.0
P08,24,29.0,143.06100302205743,143.06100302205743,140.42134691570672,0,0.0
P08,25,27.0,116.06100302205743,116.06100302205743,140.42134691570672,0,0.0
P08,26,26.0,90.06100302205743,467.12200604411487,140.42134691570672,0,0.0
P08,27,29.0,61.061003022057434,438.12200604411487,140.42134691570672,0,0.0
P08,28,29.0,32.061003022057434,409.12200604411487,140.42134691570672,0,0.0
P08,29,23.0,9.061003022057434,386.12200604411487,140.42134691570672,0,0.0
P08,30,19.0,367.12200604411487,367.12200604411487,140.42134691570672,0,0.0
P08,31,21.0,346.12200604411487,346.12200604411487,140.42134691570672,0,0.0
P08,32,15.0,331.12200604411487,331.12200604411487,140.42134691570672,0,0.0
P08,33,21.0,310.12200604411487,310.12200604411487,140.42134691570672,0,0.0
P08,34,24.0,286.12200604411487,286.12200604411487,140.42134691570672,0,0.0
P08,35,30.0,256.12200604411487,256.12200604411487,140.42134691570672,0,0.0
P08,36,25.0,231.12200604411487,231.12200604411487,140.42134691570672,0,0.0
P08,37,20.0,211.12200604411487,211.12200604411487,140.42134691570672,0,0.0
P08,38,27.0,184.12200604411487,184.12200604411487,140.42134691570672,0,0.0
P08,39,24.0,160.12200604411487,160.12200604411487,140.42134691570672,0,0.0
P08,40,21.0,139.12200604411487,139.12200604411487,140.42134691570672,0,0.0
P08,41,25.0,114.12200604411487,491.1830090661723,140.42134691570672,0,0.0
P08,42,30.0,84.12200604411487,461.1830090661723,140.42134691570672,0,0.0
P08,43,25.0,59.12200604411487,436.1830090661723,140.42134691570672,0,0.0
P08,44,19.0,40.12200604411487,417.1830090661723,140.42134691570672,0,0.0
P08,45,25.0,392.1830090661723,392.1830090661723,140.42134691570672,0,0.0
P08,46,21.0,371.1830090661723,371.1830090661723,140.42134691570672,0,0.0
P08,47,19.0,352.1830090661723,352.1830090661723,140.42134691570672,0,0.0
P08,48,25.0,327.1830090661723,327.1830090661723,140.42134691570672,0,0.0
P08,49,29.0,298.1830090661723,298.1830090661723,140.42134691570672,0,0.0
P08,50,45.0,253.1830090661723,253.1830090661723,140.42134691570672,0,0.0
P08,51,46.0,207.1830090661723,207.1830090661723,140.42134691570672,0,0.0
P08,52,36.0,171.1830090661723,171.1830090661723,140.42134691570672,0,0.0
P08,53,31.0,140.1830090661723,140.1830090661723,140.42134691570672,0,0.0
P08,54,25.0,115.1830090661723,492.24401208822974,140.42134691570672,0,0.0
P08,55,20.0,95.1830090661723,472.24401208822974,140.42134691570672,0,0.0
P08,56,27.0,68.1830090661723,445.24401208822974,140.42134691570672,0,0.0
P08,57,20.0,48.1830090661723,425.24401208822974,140.42134691570672,0,0.0
P08,58,17.0,408.24401208822974,408.24401208822974,140.42134691570672,0,0.0
P08,59,15.0,393.24401208822974,393.24401208822974,140.42134691570672,0,0.0
P09,0,128.0,520.1904109589041,520.1904109589041,547.3876982637271,0,0.0
P09,1,136.0,384.19041095890407,1134.729106385951,547.3876982637271,0,0.0
P09,2,117.0,267.19041095890407,1017.7291063859509,547.3876982637271,0,0.0
P09,3,116.0,151.19041095890407,901.7291063859509,547.3876982637271,0,0.0
P09,4,99.0,52.19041095890407,802.7291063859509,547.3876982637271,0,0.0
P09,5,114.0,688.7291063859509,688.7291063859509,547.3876982637271,0,0.0
P09,6,124.0,564.7291063859509,564.7291063859509,547.3876982637271,0,0.0
P09,7,135.0,429.7291063859509,429.7291063859509,547.3876982637271,0,0.0
P09,8,143.0,286.7291063859509,1037.2678018129977,547.3876982637271,0,0.0
P09,9,124.0,162.7291063859509,913.2678018129977,547.3876982637271,0,0.0
P09,10,107.0,55.7291063859509,806.2678018129977,547.3876982637271,0,0.0
P09,11,110.0,0.0,750.5386954270468,547.3876982637271,1,54.2708936140491
P09,12,115.0,635.5386954270468,635.5386954270468,547.3876982637271,0,0.0
P09,13,96.0,539.5386954270468,539.5386954270468,547.3876982637271,0,0.0
P09,14,151.0,388.53869542704683,1139.0773908540937,547.3876982637271,0,0.0
P09,15,116.0,272.53869542704683,1023.0773908540937,547.3876982637271,0,0.0
P09,16,93.0,179.53869542704683,930.0773908540937,547.3876982637271,0,0.0
P09,17,126.0,53.53869542704683,804.0773908540937,547.3876982637271,0,0.0
P09,18,99.0,705.0773908540937,705.0773908540937,547.3876982637271,0,0.0
P09,19,96.0,609.0773908540937,609.0773908540937,547.3876982637271,0,0.0
P09,20,132.0,477.07739085409366,477.07739085409366,547.3876982637271,0,0.0
P09,21,126.0,351.07739085409366,1101.6160862811405,547.3876982637271,0,0.0
P09,22,124.0,227.07739085409366,977.6160862811405,547.3876982637271,0,0.0
P09,23,115.0,112.07739085409366,862.6160862811405,547.3876982637271,0,0.0
P09,24,100.0,12.077390854093665,762.6160862811405,547.3876982637271,0,0.0
P09,25,83.0,679.6160862811405,679.6160862811405,547.3876982637271,0,0.0
P09,26,112.0,567.6160862811405,567.6160862811405,547.3876982637271,0,0.0
P09,27,110.0,457.6160862811405,457.6160862811405,547.3876982637271,0,0.0
P09,28,168.0,289.6160862811405,1040.1547817081873,547.3876982637271,0,0.0
P09,29,121.0,168.6160862811405,919.1547817081873,547.3876982637271,0,0.0
P09,30,100.0,68.6160862811405,819.1547817081873,547.3876982637271,0,0.0
P09,31,108.0,0.0,750.5386954270468,547.3876982637271,1,39.3839137188595
P09,32,82.0,668.5386954270468,668.5386954270468,547.3876982637271,0,0.0
P09,33,92.0,576.5386954270468,576.5386954270468,547.3876982637271,0,0.0
P09,34,108.0,468.53869542704683,468.53869542704683,547.3876982637271,0,0.0
P09,35,195.0,273.53869542704683,1024.0773908540937,547.3876982637271,0,0.0
P09,36,167.0,106.53869542704683,857.0773908540937,547.3876982637271,0,0.0
P09,37,135.0,0.0,750.5386954270468,547.3876982637271,1,28.461304572953168
P09,38,91.0,0.0,750.5386954270468,547.3876982637271,1,91.0
P09,39,84.0,666.5386954270468,666.5386954270468,547.3876982637271,0,0.0
P09,40,87.0,579.5386954270468,579.5386954270468,547.3876982637271,0,0.0
P09,41,101.0,478.53869542704683,478.53869542704683,547.3876982637271,0,0.0
P09,42,126.0,352.53869542704683,1103.0773908540937,547.3876982637271,0,0.0
P09,43,111.0,241.53869542704683,992.0773908540937,547.3876982637271,0,0.0
P09,44,92.0,149.53869542704683,900.0773908540937,547.3876982637271,0,0.0
P09,45,69.0,80.53869542704683,831.0773908540937,547.3876982637271,0,0.0
P09,46,83.0,748.0773908540937,748.0773908540937,547.3876982637271,0,0.0
P09,47,90.0,658.0773908540937,658.0773908540937,547.3876982637271,0,0.0
P09,48,92.0,566.0773908540937,566.0773908540937,547.3876982637271,0,0.0
P09,49,151.0,415.07739085409366,415.07739085409366,547.3876982637271,0,0.0
P09,50,117.0,298.07739085409366,1048.6160862811405,547.3876982637271,0,0.0
P09,51,91.0,207.07739085409366,957.6160862811405,547.3876982637271,0,0.0
P09,52,84.0,123.07739085409366,873.6160862811405,547.3876982637271,0,0.0
P09,53,91.0,32.077390854093665,782.6160862811405,547.3876982637271,0,0.0
P09,54,80.0,702.6160862811405,702.6160862811405,547.3876982637271,0,0.0
P09,55,78.0,624.6160862811405,624.6160862811405,547.3876982637271,0,0.0
P09,56,86.0,538.6160862811405,538.6160862811405,547.3876982637271,0,0.0
P09,57,87.0,451.6160862811405,1202.1547817081873,547.3876982637271,0,0.0
P09,58,48.0,403.6160862811405,1154.1547817081873,547.3876982637271,0,0.0
P09,59,59.0,344.6160862811405,1095.1547817081873,547.3876982637271,0,0.0
P10,0,160.0,282.80273972602737,282.80273972602737,420.4410346371295,0,0.0
P10,1,123.0,159.80273972602737,780.1386702239042,420.4410346371295,0,0.0
P10,2,137.0,22.80273972602737,643.1386702239042,420.4410346371295,0,0.0
P10,3,61.0,0.0,620.3359304978768,420.4410346371295,1,38.19726027397263
P10,4,56.0,0.0,620.3359304978768,420.4410346371295,1,56.0
P10,5,113.0,507.3359304978768,507.3359304978768,420.4410346371295,0,0.0
P10,6,58.0,449.3359304978768,449.3359304978768,420.4410346371295,0,0.0
P10,7,105.0,344.3359304978768,344.3359304978768,420.4410346371295,0,0.0
P10,8,101.0,243.3359304978768,863.6718609957536,420.4410346371295,0,0.0
P10,9,103.0,140.3359304978768,760.6718609957536,420.4410346371295,0,0.0
P10,10,93.0,47.3359304978768,667.6718609957536,420.4410346371295,0,0.0
P10,11,91.0,0.0,620.3359304978768,420.4410346371295,1,43.6640695021232
P10,12,72.0,548.3359304978768,548.3359304978768,420.4410346371295,0,0.0
P10,13,123.0,425.3359304978768,425.3359304978768,420.4410346371295,0,0.0
P10,14,244.0,181.3359304978768,181.3359304978768,420.4410346371295,0,0.0
P10,15,124.0,57.3359304978768,677.6718609957536,420.4410346371295,0,0.0
P10,16,80.0,0.0,620.3359304978768,420.4410346371295,1,22.664069502123198
P10,17,47.0,0.0,620.3359304978768,420.4410346371295,1,47.0
P10,18,64.0,0.0,620.3359304978768,420.4410346371295,1,64.0
P10,19,77.0,543.3359304978768,543.3359304978768,420.4410346371295,0,0.0
P10,20,75.0,468.3359304978768,468.3359304978768,420.4410346371295,0,0.0
P10,21,110.0,358.3359304978768,358.3359304978768,420.4410346371295,0,0.0
P10,22,156.0,202.3359304978768,822.6718609957536,420.4410346371295,0,0.0
P10,23,106.0,96.3359304978768,716.6718609957536,420.4410346371295,0,0.0
P10,24,74.0,22.335930497876802,642.6718609957536,420.4410346371295,0,0.0
P10,25,50.0,0.0,620.3359304978768,420.4410346371295,1,27.664069502123198
P10,26,114.0,506.3359304978768,506.3359304978768,420.4410346371295,0,0.0
P10,27,88.0,418.3359304978768,418.3359304978768,420.4410346371295,0,0.0
P10,28,53.0,365.3359304978768,985.6718609957536,420.4410346371295,0,0.0
P10,29,123.0,242.3359304978768,862.6718609957536,420.4410346371295,0,0.0
P10,30,91.0,151.3359304978768,771.6718609957536,420.4410346371295,0,0.0
P10,31,19.0,132.3359304978768,752.6718609957536,420.4410346371295,0,0.0
P10,32,53.0,699.6718609957536,699.6718609957536,420.4410346371295,0,0.0
P10,33,71.0,628.6718609957536,628.6718609957536,420.4410346371295,0,0.0
P10,34,98.0,530.6718609957536,530.6718609957536,420.4410346371295,0,0.0
P10,35,83.0,447.6718609957536,447.6718609957536,420.4410346371295,0,0.0
P10,36,68.0,379.6718609957536,379.6718609957536,420.4410346371295,0,0.0
P10,37,84.0,295.6718609957536,916.0077914936304,420.4410346371295,0,0.0
P10,38,60.0,235.6718609957536,856.0077914936304,420.4410346371295,0,0.0
P10,39,82.0,153.6718609957536,774.0077914936304,420.4410346371295,0,0.0
P10,40,49.0,104.6718609957536,725.0077914936304,420.4410346371295,0,0.0
P10,41,48.0,677.0077914936304,677.0077914936304,420.4410346371295,0,0.0
P10,42,121.0,556.0077914936304,556.0077914936304,420.4410346371295,0,0.0
P10,43,98.0,458.0077914936304,458.0077914936304,420.4410346371295,0,0.0
P10,44,89.0,369.0077914936304,369.0077914936304,420.4410346371295,0,0.0
P10,45,58.0,311.0077914936304,931.3437219915072,420.4410346371295,0,0.0
P10,46,54.0,257.0077914936304,877.3437219915072,420.4410346371295,0,0.0
P10,47,103.0,154.0077914936304,774.3437219915072,420.4410346371295,0,0.0
P10,48,44.0,110.0077914936304,730.3437219915072,420.4410346371295,0,0.0
P10,49,136.0,594.3437219915072,594.3437219915072,420.4410346371295,0,0.0
P10,50,128.0,466.3437219915072,466.3437219915072,420.4410346371295,0,0.0
P10,51,88.0,378.3437219915072,378.3437219915072,420.4410346371295,0,0.0
P10,52,55.0,323.3437219915072,943.679652489384,420.4410346371295,0,0.0
P10,53,54.0,269.3437219915072,889.679652489384,420.4410346371295,0,0.0
P10,54,69.0,200.3437219915072,820.679652489384,420.4410346371295,0,0.0
P10,55,38.0,162.3437219915072,782.679652489384,420.4410346371295,0,0.0
P10,56,54.0,728.679652489384,728.679652489384,420.4410346371295,0,0.0
P10,57,84.0,644.679652489384,644.679652489384,420.4410346371295,0,0.0
P10,58,64.0,580.679652489384,580.679652489384,420.4410346371295,0,0.0
P10,59,37.0,543.679652489384,543.679652489384,420.4410346371295,0,0.0
